<?xml version="1.0" encoding="utf-8"?>
<modification>
    <name>Integración Facto - Opencart</name>
	<version>1.0</version>
	<link>http://www.facto.cl</link>
	<author>Facto</author>
	<code>sale_order_info</code> 
	<file path="admin/controller/sale/order.php">
		<operation>
			<search><![CDATA[
public function info() {
			]]></search>
			<add position="after"><![CDATA[
			
		$this->load->model('extension/module/oml_facto');
		
		if(isset($_POST['facturar']) && $_POST['facturar']) {
			$this->model_extension_module_oml_facto->facturar($this->request->get['order_id']);
		}
		
		$retorno = $this->model_extension_module_oml_facto->mostrarDatosFacto($this->request->get['order_id']);
				
		 $data['facto_tipo'] = $retorno['facto_tipo'];
		 $data['facto_rut'] = $retorno['facto_rut'];
		 $data['facto_razonsocial'] = $retorno['facto_razonsocial'];
		 $data['facto_giro'] = $retorno['facto_giro'];
		 
		 $data['facto_status'] = $retorno['facto_status'];
		 $data['facto_msg'] = $retorno['facto_msg'];
		 $data['facto_enlace'] = $retorno['facto_enlace'];
		 
			]]></add>
		</operation>
	</file>
	
	<file path="admin/view/template/sale/order_info.tpl">
		<operation>
			<search  index="1"><![CDATA[
<div class="container-fluid">
			]]></search>
			<add position="after"><![CDATA[
<form id='form_factoFacturar' method='post' action='<?php echo 'http://'. $_SERVER['HTTP_HOST']. $_SERVER['REQUEST_URI'];?>'>
	<input type='hidden' name='order_id' value='this->request->get['order_id']' />
	<input type='hidden' name='facturar' value='true' />
</form>
		
<div class="panel panel-default">
	<div class="panel-heading">
		<h3 class="panel-title"><i class="fa fa-university"></i> Facturaci&oacute;n</h3>
	</div>
	<div class="panel-body">
		<div class="tab-content">
			<table class="table table-bordered">
              <thead>
              </thead>
              <tbody>
                <tr>
					<th>Tipo de documento</th>
					<td><?php print $facto_tipo; ?></td>
				</tr>
				<?php
				//var_dump($facto_tipo);
				//var_dump($facto_enlace);
				?>
				<?php
					if($facto_tipo=='fe' || $facto_tipo=='fee'){
						?>
							<tr>
								<th>RUT</th>
								<td><?php print $facto_rut; ?></td>
							</tr>
							
							<tr>
								<th>Raz&oacute;n social</th>
								<td><?php print $facto_razonsocial; ?></td>
							</tr>
							
							<tr>
								<th>Giro</th>
								<td><?php print $facto_giro; ?></td>
							</tr>
						<?php
					}				
				?>
				
				<tr><td></td></tr>
				
				<?php
					if (($facto_enlace != "") && ($facto_status == "0"))
					{
						?>
							<tr>
								<td colspan='2'>
									Se ha generado un documento. Lo puede ver siguiendo el <a href='<?php print $facto_enlace; ?>' target='_blank'>enlace</a>. 
								</td>
							</tr>
						
						<?php
					}					
					else
					{
						?>
							<tr>
								<th>Documento tributario</th>
								<td>
									
									<?php 
										if($facto_msg)
										{
											print $facto_msg;
											print '<br><br>';
										}
											
										if($facto_enlace)
										{
											?>
												Se ha generado un borrador. Lo puede ver siguiendo el <a href='<?php print $facto_enlace; ?>' target='_blank'>enlace</a>.
												Por favor completa el proceso de generación en Facto. 
											<?php
										}
										elseif ($facto_status == 2)
										{
											?>
												Se ha generado un borrador en Facto pero no fue posible generar el PDF. Por favor completa el proceso de generación en Facto. 
											<?php
										}
										else
										{
										?>No se ha generado el documento
										<button onclick="$('#form_factoFacturar').submit()">Generar documento</button>
										<?php
										}	

									?>
									
									
									
									
								</td>
							</tr>
						<?php
					}
				?>
              </tbody>
            </table>
		</div>
	</div>
</div>
		
			]]></add>
		</operation>
	</file>
	
	

<file path="catalog/controller/checkout/success.php"> 
		<operation>
			<search><![CDATA[
public function index() {
			]]></search>
			<add position="before"><![CDATA[
		protected function oml_confirm() {	
		$this->load->model('checkout/order');
		$this->load->model('account/order');
		
		//guardamos los nuevos datos en la bd
		$query_create = "
					CREATE TABLE IF NOT EXISTS `".DB_PREFIX."oml_facto_cf` (
					  `order_id` int(11),
					  `tipo` VARCHAR(3),
					  `rut` VARCHAR(255),
					  `razonsocial` VARCHAR(255),
					  `giro` VARCHAR(255),
					  `hasShipping` int(1),
					  `shipping_cost` float,
					PRIMARY KEY (`order_id`)
					)";
			$this->db->query($query_create);
			
			$order_id_insert = $this->db->escape($this->session->data['order_id']);
			$tipo_insert = $this->db->escape($this->session->data['facto_frontend_tipo']);
			
			if (isset($this->session->data['facto_frontend_rut']))
			{
				$rut_insert = $this->db->escape($this->session->data['facto_frontend_rut']);
			}
			else
			{
				$rut_insert = "";
			}
			
			if (isset($this->session->data['facto_frontend_razonsocial']))
			{
				$razonsocial_insert = $this->db->escape($this->session->data['facto_frontend_razonsocial']);
			}
			else
			{
				$razonsocial_insert = "";
			}
			
			if (isset($this->session->data['facto_frontend_giro']))
			{
				$giro_insert = $this->db->escape($this->session->data['facto_frontend_giro']);
			}
			else
			{
				$giro_insert = "";
			}
			
			if($this->cart->hasShipping()) $hasShipping_insert = 1;
			else $hasShipping_insert = 0;
			$shipping_cost_insert = round( ($this->session->data['shipping_method']['cost']), 6);

						
			$query_insert = "INSERT INTO `".DB_PREFIX."oml_facto_cf` (order_id, tipo, rut, razonsocial, giro, hasShipping, shipping_cost) 
							VALUES('".$order_id_insert."', '".$tipo_insert."','".$rut_insert."','".$razonsocial_insert."','".$giro_insert."', ".$hasShipping_insert.", ".$shipping_cost_insert.")";
			$this->db->query($query_insert);
			
			//creamos la tabla para los MP
			$query_create = "
					CREATE TABLE IF NOT EXISTS `".DB_PREFIX."oml_facto_mp` (
					  `code` VARCHAR(255),
					  `fact` VARCHAR(255),
					PRIMARY KEY (`code`)
					)";
			$this->db->query($query_create);

			//vemos la configuración que tiene el método de pago
			$query = "SELECT fact FROM ".DB_PREFIX."oml_facto_mp WHERE code='".$this->session->data['payment_method']['code']."' LIMIT 0,1";
			$resultado = $this->db->query($query);
			
			$fact = "manual";
			
			if($resultado->num_rows > 0) {
				$fact = $resultado->row['fact'];
			}
			
			//creamos una tabla para guardar la órden y el tipo de facturación
            $query_create = "
					CREATE TABLE IF NOT EXISTS `".DB_PREFIX."oml_facto_order_mp` (
					  `order_id` INT,
						`msg` VARCHAR(255),
					  `fact` VARCHAR(255),
					  `estado` INT,
					  `enlace` VARCHAR(255),
					  `error` TEXT,
					PRIMARY KEY (`order_id`)
					)";
			$this->db->query($query_create);
						
			if($fact == "auto")
			{
				//***************************************************
				//******************** WEBSERVICE *******************
				$tipo_de_documento = $this->session->data['facto_frontend_tipo'];
				if($tipo_de_documento == "be") $tipo_dte = 39;
				else if($tipo_de_documento == "bee") $tipo_dte = 41;
				else if($tipo_de_documento == "fe") $tipo_dte = 33;
				else if($tipo_de_documento == "fee") $tipo_dte = 34;

				if($tipo_de_documento == "fe" || $tipo_de_documento=="fee") {
					$rut = $this->session->data['facto_frontend_rut'];
					$razonsocial = $this->session->data['facto_frontend_razonsocial'];
					$giro = $this->session->data['facto_frontend_giro'];
				}
				else {
					$rut = "";
					$razonsocial = "";
					$giro = "";
				}

				$fecha_emision = date('Y-m-d');
				$receptor_rut = str_replace(".", "", $rut);
				$receptor_razon = $razonsocial;
				$receptor_giro = $giro;

				$order = $this->model_checkout_order->getOrder($this->session->data['order_id']);
						
				$receptor_direccion = $order['payment_address_1'];
				$receptor_comuna = $order['payment_city'];
				$receptor_ciudad = $order['payment_city'];
				$receptor_telefono = $order['telephone'];
				$receptor_email = $order['email'];

				$condiciones_pago = '0';
				$orden_compra_num = $this->session->data['order_id'];
				$orden_compra_fecha = date('Y-m-d');

				$descuentorecargo_global_tipo= '0';
				$descuentorecargo_global_valor= '0';
						
				$total_exento = 0;
				$total_afecto = 0;
				
				// Veamos la información de tipo de cambio
				$sql = "SELECT value, decimal_place FROM
    		    ".DB_PREFIX."currency
    		    WHERE currency_id = '".$order['currency_id']."'";
				$currencyres = $this->db->query($sql);

				//detalles
				$detalles = array();
				$items = $this->model_account_order->getOrderProducts($this->session->data['order_id']);
						
				foreach ($items as $item) {
					$detalle = array();

					$detalle['cantidad'] = (int)$item["quantity"];
					$detalle['unidad'] = "";
					$detalle['glosa'] = $item['name'];
					
					$detalle['descuentorecargo_monto'] = 0;
					$detalle['descuentorecargo_porcentaje'] = 0;

					if($tipo_dte == 34 || $tipo_dte == 41) {
						$detalle['monto_unitario'] = round( $item['price'] * $currencyres->row['value'], $currencyres->row['decimal_place']);
						$detalle['exento_afecto'] = 0;
						$total_exento += round($detalle['cantidad'] * $detalle['monto_unitario']);
					}
					else
					{
						$detalle['monto_unitario'] = round( $item['price'] * $currencyres->row['value'] / 1.19, $currencyres->row['decimal_place']);
						$detalle['exento_afecto'] = 1;
						$total_afecto += round($detalle['cantidad'] * $detalle['monto_unitario']);
					}
					
					array_push($detalles, $detalle);
				}

				if ($this->cart->hasShipping()) {			
					//GASTOS DE ENVIO
					$gastos_de_envio = round( $this->session->data['shipping_method']['cost'] * $currencyres->row['value'], $currencyres->row['decimal_place']);
					
					if($gastos_de_envio>0) {
						$detalle = array();
						
						$detalle['cantidad'] = 1;
						$detalle['unidad'] = "";
						$detalle['glosa'] = "Gastos de envío";
						$detalle['descuentorecargo_monto'] = 0;
						$detalle['descuentorecargo_porcentaje'] = 0;
					
						if($tipo_dte == 34 || $tipo_dte == 41) {
							$detalle['monto_unitario'] = $gastos_de_envio;
							$detalle['exento_afecto'] = 0;
							$total_exento += round($detalle['monto_unitario']);
						} 
						else {
							$gastos_de_envio = round( ($gastos_de_envio / 1.19), 6);
							$detalle['monto_unitario'] = $gastos_de_envio;
							$detalle['exento_afecto'] = 1;
							$total_afecto += round($detalle['monto_unitario']);
						}
						array_push($detalles, $detalle);
					}	
				}
						
				$total_iva = round(($total_afecto * 0.19));
				$total_exento = round($total_exento);
				$total_afecto = round($total_afecto);
				$total_final = $total_iva + $total_afecto + $total_exento;

				require_once(DIR_SYSTEM.'../nusoap/nusoap.php');


				try {
					$url = $this->getConf('oml_facto_backend_url');
					$user = $this->getConf('oml_facto_backend_user');
					$pass = $this->getConf('oml_facto_backend_pass');
					
					$client = new nusoap_client($url);
					$client->setCredentials($user, $pass, "basic");
										
					$cadena_xml = "
						<documento xsi:type='urn:emitir_dte'>
							<encabezado xsi:type='urn:encabezado'>
								<tipo_dte xsi:type='xsd:string'>".$tipo_dte."</tipo_dte>
								<fecha_emision xsi:type='xsd:date'>".$fecha_emision."</fecha_emision>
								<receptor_rut xsi:type='xsd:string'>".$receptor_rut."</receptor_rut>
								<receptor_razon xsi:type='xsd:string'>".htmlspecialchars($receptor_razon)."</receptor_razon>
								<receptor_direccion xsi:type='xsd:string'>".htmlspecialchars($receptor_direccion)."</receptor_direccion>
								<receptor_comuna xsi:type='xsd:string'>".htmlspecialchars($receptor_comuna)."</receptor_comuna>
								<receptor_ciudad xsi:type='xsd:string'>".htmlspecialchars($receptor_ciudad)."</receptor_ciudad>

								<receptor_telefono xsi:type='xsd:string'>".htmlspecialchars($receptor_telefono)."</receptor_telefono>
								<receptor_giro xsi:type='xsd:string'>".htmlspecialchars($receptor_giro)."</receptor_giro>
								<condiciones_pago xsi:type='xsd:string'>".htmlspecialchars($condiciones_pago)."</condiciones_pago>
								<receptor_email xsi:type='xsd:string'>".htmlspecialchars($receptor_email)."</receptor_email>
								<orden_compra_num xsi:type='xsd:string'>".$orden_compra_num."</orden_compra_num>
								<orden_compra_fecha xsi:type='xsd:date'>".$orden_compra_fecha."</orden_compra_fecha>
							</encabezado>
										
							<detalles xsi:type='urn:detalles'>";
				foreach ($detalles as $key => $detalle){
					$cadena_xml .= "
								<detalle xsi:type='urn:detalle'>
									<cantidad xsi:type='xsd:int'>".$detalle['cantidad']."</cantidad>
									<unidad xsi:type='xsd:string'>".$detalle['unidad']."</unidad>
									<glosa xsi:type='xsd:string'>".htmlspecialchars($detalle['glosa'])."</glosa>
									<monto_unitario xsi:type='xsd:decimal'>".$detalle['monto_unitario']."</monto_unitario>
									<exento_afecto xsi:type='xsd:boolean'>".$detalle['exento_afecto']."</exento_afecto>
								</detalle>";
				}

				$cadena_xml .= "
							</detalles>
						
							<totales xsi:type='urn:totales'>	
								<total_exento xsi:type='xsd:int'>".$total_exento."</total_exento>
								<total_afecto xsi:type='xsd:int'>".$total_afecto."</total_afecto>
								<total_iva xsi:type='xsd:int'>".$total_iva."</total_iva>
								<total_final xsi:type='xsd:int'>".$total_final."</total_final>
							</totales>
						</documento>";
					
					$client->soap_defencoding = 'UTF-8';
					$client->decode_utf8 = false;
					$response = $client->call("emitirDocumento", $cadena_xml);
					$err = $client->getError();
					
					//************************************************
					//******************* LOG ************************
					$query_create = "
							CREATE TABLE IF NOT EXISTS `".DB_PREFIX."oml_facto_log` (
							  `id` int(11) NOT NULL AUTO_INCREMENT,
							  `fecha` date,
							  `request` text,
							  `response` text,
							  `estado_envio` int(11),
							PRIMARY KEY (`id`)
							)";
					$this->db->query($query_create);
					
					$fecha_insert = $this->db->escape($fecha_emision);
					$request_insert = $this->db->escape($client->request);
					$response_insert = $this->db->escape(print_r($response,true));
					$estado_insert = $this->db->escape($response["resultado"]["status"]);
					
					$query_insert = "INSERT INTO `".DB_PREFIX."oml_facto_log` (fecha, request, response, estado_envio) 
									VALUES('".$fecha_insert."', '".$request_insert."', '".$response_insert."', '".$estado_insert."')";
					$this->db->query($query_insert);
					
					if($err) {
						$query = "INSERT INTO ".DB_PREFIX."oml_facto_order_mp (order_id, fact, estado, enlace)
						VALUES
						('".$this->session->data['order_id']."', '".$fact."', 1, '') ";
						$this->db->query($query);
						return array('facto_error' => 'Ha ocurrido un error al generar el documento.',
						 'facto_status' => '1');
					}
					else
					{
						if ((isset($response['enlaces'])) && ($response['enlaces']['dte_pdf'] != ""))
						{	
							$query = "INSERT INTO ".DB_PREFIX."oml_facto_order_mp (order_id, fact, estado, enlace)
							VALUES
							('".$this->session->data['order_id']."', '".$fact."', '".$estado_insert."', '".$response['enlaces']['dte_pdf']."') ";
							$this->db->query($query);
							return array('facto_enlace' => $response['enlaces']['dte_pdf'],
							 'facto_status' => $estado_insert							);
						}
						else
						{
						    $query = "INSERT INTO ".DB_PREFIX."oml_facto_order_mp (order_id, fact, estado, enlace)
						    VALUES
						    ('".$this->session->data['order_id']."', '".$fact."', '".$estado_insert."', '') ";
						    $this->db->query($query);
						    return array('facto_error' => 'Ha ocurrido un error al generar el documento.',
						    'facto_status' => $estado_insert);
						}
					}
				}	
				catch (Exception $e)
				{
					$query = "INSERT INTO ".DB_PREFIX."oml_facto_order_mp (order_id, fact, estado, enlace)
					VALUES
					('".$this->session->data['order_id']."', '".$fact."', 1, '') ";
					$this->db->query($query);
					return array('facto_error' => '- Ha ocurrido un error al generar el documento.',
					'facto_status' => '1');
				}
			}
			else if($fact == "manual")
			{
				//si es manual simplemente creamos la orden
				$query = "INSERT INTO ".DB_PREFIX."oml_facto_order_mp (order_id, msg, estado, enlace)
				VALUES
				('".$this->session->data['order_id']."', '', 1, '') ";
				
				$this->db->query($query);
				return array('facto_fact' => 'manual');
			}
				
	}
			
				protected function getConf($text) {
					$resultado = $this->db->query("SELECT setting FROM ".DB_PREFIX."module WHERE code='oml_facto'");
					return json_decode($resultado->row['setting'])->$text;	
			    }		
			]]></add>
		</operation>
	</file>

	<file path="catalog/controller/checkout/success.php">
		<operation>
			<search><![CDATA[
public function index() {
			]]></search>
			<add position="after"><![CDATA[
				$facto_arreglo = $this->oml_confirm();
				foreach($facto_arreglo as $key => $valor){
					$data[$key] = $valor;
				}
			]]></add>
		</operation>
	</file>
	
	<file path="catalog/view/theme/default/template/common/success.tpl">
		<operation>
			<search><![CDATA[
<?php echo $text_message; ?>
			]]></search>
			<add position="after"><![CDATA[
				<div>
					<table class="table table-bordered table-hover">
					<tbody>
						<tr>
							<?php
								if ((isset($facto_fact)) && ($facto_fact == "manual"))
								{
									print "<td>Tu documento tributario será generado por un administrador y enviado a tu casilla una vez que se haya completado la compra.</td>";
							
								}
								elseif ((isset($facto_enlace)) && ($facto_enlace != ""))
								{
									print "<td>Se ha generado tu factura/boleta. <input value='Descargar Factura/Boleta' type='button' onclick=\"window.open('".$facto_enlace."','_blank');\"/></td>";
								}
								elseif ($facto_status==1)
								{
									print "<td>";
									
									if($facto_error){
										print $facto_error;
										print '<br><br>';

									}
									
									print "No se ha podido generar la factura/boleta, por favor contactar con un administrador.";
									
									print "</td>";
								}
								elseif($facto_status==2)
								{
									print "<td>";
									
									print "Ha ocurrido un error en la firma o env&iacute;o del documento, por favor contactar con un administrador.";
									
									if($facto_error){
										print $facto_error;
										print '<br><br>';

									}
																								
									if($facto_enlace) {
										print "Se ha generado tu factura/boleta. <input value='Descargar Factura/Boleta' type='button' onclick=\"window.open('".$facto_enlace."','_blank');\"/></td>";
									}
									
									print "</td>";
								}
							?>
						</tr>
					</tbody>
					</table>
				</div>
			]]></add>
		</operation>
	</file>
</modification>